"Country","Continent","Status","Life_expectancy","Adult_Mortality","infant_deaths","Alcohol","percentage_expenditure","Hepatitis_B","Measles","BMI","under_five_deaths","Polio","Total_expenditure","Diphtheria","HIV_AIDS","GDP","Population","thinness_10_19_years","thinness_5_9_years","Income_composition","Schooling","GDP_log","Population_log","Measles_log","percentage_expenditure_log","infant_deaths_log","under_five_deaths_log","n_years","Mahalanobis_Distance"
"Afghanistan","Asia","Developing",58.19375,269.0625,78.25,0.014375,34.9601100659375,64.5625,2362.25,15.51875,107.5625,48.375,8.2525,52.3125,0.1,340.01542546875,26513282,16.58125,15.58125,0.415375,8.2125,5.53227187266809,17.0804515875639,7.40697977974774,3.14999101854012,4.36577774814595,4.67899429476018,16,4.30391878326811
"Albania","Europe","Developing",75.15625,45.0625,0.6875,4.84875,193.259090710625,98,53.375,49.06875,0.9375,98.125,5.945625,98.0625,0.1,2119.726678875,2944783.4375,1.61875,1.7,0.709875,12.1375,7.01084433782675,14.8949258306997,2.12089878111157,4.60014093504346,0.476538686634962,0.649825481774949,16,5.61349932635445
"Algeria","Africa","Developing",73.61875,108.1875,20.3125,0.664375,236.185240668625,73.75,1943.875,48.74375,23.5,91.75,4.85375,91.875,0.1,2847.8533923125,34899758.6875,6.09375,5.975,0.694875,12.7125,7.45002431817785,17.3647606301071,4.91904466735268,4.68432056140104,3.05877617404251,3.19825614627898,16,0.93872548386427
"Angola","Africa","Developing",49.01875,328.5625,83.75,5.3825,102.10026837,57.0625,3561.3125,18.01875,132.625,46.125,3.85125,47.6875,2.36875,1975.14304511875,21566693.625,6.19375,6.66875,0.458375,8.04375,7.09472852974417,16.8719155249544,7.20615048992257,3.90540657088148,4.43102334608337,4.8817652461933,16,18.3050027286525
"Antigua and Barbuda","North America","Developing",75.05625,127.5,0,8.020625,1001.58522632875,98.125,0,38.425,0,96.9375,4.903125,98.3125,0.125,9759.305728125,82423.125,3.425,3.375,0.488625,8.84375,8.95845056005403,11.3180497895483,0,5.98716318513142,0,0,16,16.405192802121
"Argentina","South America","Developing",75.15625,106,10.125,8.230625,773.038981313125,76.9375,2,54.98125,11.375,93.375,6.861875,92.375,0.1,6998.575103125,40281725.9375,1.075,0.95,0.794125,16.50625,8.37745875080379,17.5102757086872,0.587539381151207,5.93943986398571,2.40143123004543,2.50866222334633,16,3.7257255448661
"Armenia","Asia","Developing",73.4,117.375,1,4.0375,131.0074187505,87.5625,274.25,44.70625,1,89.125,5.154375,87.375,0.1,1999.98631765,3103206.25,2.0375,2.1125,0.698375,11.7875,7.06738598664777,14.9476591086342,2.67786506677529,4.07911318526558,0.693147180559945,0.693147180559945,16,1.85898531865798
"Australia","Oceania","Developed",81.8125,63.1875,1,10.038125,5332.2264727375,88.125,103.9375,55.8625,1.375,86.75,8.648125,86.875,0.1,34637.565046875,21210844.0625,0.66875,0.625,0.918125,20.0375,9.76060923758799,16.8674553974844,4.1053820896771,7.41164772236113,0.693147180559945,0.845196596100507,16,9.7528872545813
"Austria","Europe","Developed",81.48125,65.75,0,12.025,4928.4391880525,81.0625,77.25,48.2875,0,86,4.995625,86.75,0.1,33827.47630875,8296243.5625,1.73125,1.9375,0.862375,15.3875,9.88906557442878,15.9310896843536,3.00938929598318,7.48785862974309,0,0,16,4.45175125285887
"Azerbaijan","Asia","Developing",70.73125,115.1875,6.0625,1.23875,131.148746914813,61.5625,598.1875,43.84375,7.1875,75.8125,5.544375,82.3125,0.1,3302.94780699375,8760319.5,2.9,2.94375,0.7026875,11.35,7.24571929623178,15.9839629735121,3.3638359445171,4.11177168608101,1.94279440396188,2.08659012423343,16,2.47988163284327
"Bahamas","North America","Developing",74.2875,152.0625,0,9.66,0,84.5,0,52.88125,0,95,6.66125,95.75,0.11875,1793.2682678125,355405.6875,2.55,2.51875,0.7379375,12.425,6.49520181326567,12.7794787220264,0,0,0,0,16,6.36763740553919
"Bahrain","Asia","Developing",75.725,65.375,0,2.1225,602.087139648875,98.125,6.6875,51.65625,0,98,3.7875,98.0625,0.1,11191.247420625,1021172.6875,6.10625,5.95,0.8079375,14.1125,8.73762536872754,13.8069639605924,1.39968614185006,5.41693368936451,0,0,16,2.85730127945165
"Bangladesh","Asia","Developing",69.3,141.375,153.625,0.01625,32.3209715146875,78,4649.9375,12.875,201.5625,87.5,2.83125,92.75,0.1,443.561481025,148022462.5625,13.775,14.33125,0.517875,8.69375,5.49503565845299,18.8115952303389,7.71551512269277,2.9045755429137,5.00086798358636,5.26082758703495,16,8.43657036849967
"Barbados","North America","Developing",74.35625,77.625,0,8.324375,389.07699521375,85,0,45.975,0,80.3125,6.2275,89.9375,0.25625,12017.098529375,271366.625,3.95625,3.91875,0.7704375,14.89375,9.14452934534607,12.5110166104632,0,5.0358966946716,0,0,16,4.27492906038276
"Belarus","Europe","Developing",69.90625,218.75,0.5625,13.218125,329.046455333125,88.9375,24.8125,54.74375,0.875,89.875,6.138125,92.1875,0.1,3811.525348,9619254.9375,2.2125,2.3375,0.74325,14.75,7.82090992772332,16.0791050749709,2.20896246480592,4.60460502372178,0.389895289064969,0.606503782989952,16,7.1034551379447
"Belgium","Europe","Developed",80.68125,70.1875,0.25,10.82875,2392.43265675625,74.5,81.5625,50.89375,1,97.75,6.1675,97.3125,0.1,16915.306,10719378.625,0.8625,0.85625,0.87775,16.7875,9.11902923184988,16.1870520788973,3.58272262172607,6.76406142506305,0.173286795139986,0.693147180559945,16,2.62272200096846
"Belize","North America","Developing",69.26875,155.5,0,6.636875,365.843489793125,94.75,0,37.675,0,95.5,5.176875,95.1875,0.43125,3933.0121745,299386.1875,3.55625,3.4875,0.6939375,12.45625,8.18874112542686,12.6021911984431,0,5.40688536145548,0,0,16,1.90643169461192
"Benin","Africa","Developing",57.56875,269.375,25,0.990625,43.99195641925,59.625,1116.875,19.6125,39.25,67.6875,4.80875,67.9375,1.70625,561.167968,9163395.75,8.25,8.1375,0.4380625,8.85,6.06122235663422,16.0210349992141,6.29314611004774,3.22593362046205,3.25809653802148,3.69505260726153,16,3.2152275665723
"Bhutan","Asia","Developing",66.1625,230.25,0.6875,0.305625,134.76406995375,94.125,80.25,17.58125,0.9375,89.375,5.359375,93.875,0.35625,1353.98694560625,677452.1875,17.21875,17.925,0.183875,10.225,6.81497071870129,13.4240672955059,2.25915636750866,4.11015532912054,0.476538686634962,0.649825481774949,16,25.365012160842
"Bolivia (Plurinational State of)","South America","Developing",67.70625,177.5,10.75,3.48625,0,82.875,7.625,44.81875,14,81.6875,5.748125,87.375,0.15625,878.1383695125,9783951.375,1.3,1.1875,0.63375,13.9625,6.0710644608392,16.0933444430688,0.300761522210776,0,2.44483234434302,2.68466163889399,16,6.09176996664784
"Bosnia and Herzegovina","Europe","Developing",75.96875,64.9375,0,4.455625,215.45745909825,71.5625,319.1875,48.9625,0,78.3125,9.004375,78.5,0.1,2245.0260235625,3922803.75,2.78125,2.75625,0.450375,12.225,7.14164144306716,15.1805298862136,3.42352800529175,4.17859004674276,0,0,16,11.3945988119818
"Botswana","Africa","Developing",56.05,448.125,2,4.61625,334.266970872187,87.3125,237.875,32.24375,3.125,96.1875,5.4025,95.8125,16.525,4498.2854311875,1938423.75,7.4375,7.8125,0.630375,12.1375,8.01567547396376,14.4737164912247,2.34469384243793,4.81645923153928,1.09861228866811,1.40208633232087,16,20.0305257210669
"Brazil","South America","Developing",73.38125,150.6875,68.25,7.1075,390.695595171875,96.1875,95.375,47.0625,77.25,98.3125,7.90125,97.9375,0.1,6143.1617935,188785207,3.05,3.0125,0.7101875,14.1625,8.23231762169366,19.0551156645097,2.4227746169522,5.0288281631428,4.19261556564139,4.31171304570446,16,1.42625160554032
"Brunei Darussalam","Asia","Developing",76.4875,67.0625,0,0.441875,1276.87948524813,97.875,7.3125,29.71875,0,97.5,2.76625,96.8125,0.1,19744.808101875,375253.4375,6.2,5.675,0.839375,14.10625,9.16073007816274,12.8321877785327,1.35567861644851,6.08898811572954,0,0,16,7.33261395493046
"Bulgaria","Europe","Developed",72.85,125.5,0.9375,10.4225,350.74520402625,94.5,1530.3125,54.5,1,94.25,7.20875,94,0.1,4938.981821375,7532413.4375,2.13125,2.15625,0.754625,13.725,8.03719293038417,15.8338451278434,2.23091318568617,4.94962550626367,0.649825481774949,0.693147180559945,16,1.84300450867833
"Burkina Faso","Africa","Developing",55.64375,252.5,44.75,4.13625,52.0455813263125,77.8125,5091.75,15.5,79.9375,69,5.9025,77.3125,1.8375,410.3720343125,15142990.9375,7.41875,6.98125,0.2296875,5.40625,5.71118569579326,16.5233669768981,6.65900260331475,3.46446561937211,3.81982843402105,4.38376503262694,16,5.98427068976424
"Burundi","Africa","Developing",55.5375,291.5625,23.25,3.94875,15.335497774875,90.25,1349.5,15.3125,35.5625,86.625,6.99875,85.75,3.0875,137.81532131875,8550166.25,8.01875,8.0125,0.327875,7.48125,4.55732559445829,15.94620095814,3.86741905129753,2.30685197964676,3.18728930208568,3.59577209704848,16,4.31218973130669
"Cabo Verde","Africa","Developing",72.51875,116.1875,0,3.23875,188.632987378187,73.25,0.125,24.375,0,84.375,4.748125,79,0.53125,2023.54103925,492691.8125,8.0125,7.975,0.57,12.2,7.2587703198853,13.106814286097,0.0686632680417569,4.42414738497041,0,0,16,4.07784549045764
"Cambodia","Asia","Developing",64.34375,196.375,16.75,1.91,33.7965609773125,75.625,1880.8125,15.3625,20.5,74.1875,5.764375,72.0625,1.025,466.19687805,13992542.1875,10.14375,10.88125,0.4919375,9.875,5.64482191723502,16.4516216626433,5.45244543907887,3.0341796087259,2.83804507583907,3.01511666661282,16,3.60647542002237
"Cameroon","Africa","Developing",54.01875,294.875,54.9375,4.125,44.4622999386875,74.3125,2979.25,23.61875,86.1875,72.5,4.834375,69.4375,6.2125,781.0160044125,18501061.5625,6.55,6.60625,0.47,8.90625,6.10047345623141,16.7249269183346,6.66636526117094,3.1938308765316,4.01974874105049,4.46122317413069,16,4.16722515478356
"Canada","North America","Developing",81.6875,64.625,2,7.984375,4694.078971425,39,129.5,55.8625,2,85.3125,6.774375,91.0625,0.1,29382.907523125,33156581.5,0.50625,0.4375,0.8921875,15.875,9.8585321933016,17.3156414805112,3.82416247457123,7.55754914594435,1.09861228866811,1.09861228866811,16,3.66744795351622
"Central African Republic","Africa","Developing",48.5125,333.0625,16.5,1.178125,40.905543112125,49.1875,699.4375,17.0875,24.5,41.3125,4.068125,42.4375,8.98125,363.05590485,4364741.6875,7.10625,7.0875,0.3355,6.2375,5.87088028189587,15.2871741128939,5.14446288919767,3.48337571397485,2.86135927497913,3.23687893749055,16,7.12198970801963
"Chad","Africa","Developing",50.3875,227.75,44.875,0.625,32.2773204970625,30,4687.75,16.31875,78.125,32.875,4.31625,26.8125,4.3375,484.79169405625,11383278.25,7.14375,7.04375,0.316625,6.0875,5.67736478318514,16.2336161310264,6.73022607939487,2.92472324564009,3.82531222223778,4.37075711024003,16,12.6571391179332
"Chile","South America","Developing",79.45,63.625,2,7.02625,775.54081278375,78.5,1.0625,55.5875,2.1875,83.625,6.9325,88.8125,0.1,6202.3443635625,16767936.3125,0.8875,0.9125,0.8013125,14.9,8.18298773560217,16.6339144161567,0.352174350198078,5.75110213499678,1.09861228866811,1.15255267725282,16,1.89789330142642
"China","Asia","Developing",74.2625,73.75,294.875,4.290625,73.5837628956875,80.4375,65857.9375,21.80625,350,93.6875,5.14,93.3125,0.1,2345.3031576875,1321237500,4.6375,4.025,0.66025,11.4375,7.15987340967462,21.0014859246887,10.8493245067044,3.50775342944199,5.6309925367514,5.79513008755885,16,6.22025191172816
"Colombia","South America","Developing",73.2875,124.25,13.875,4.14375,516.640179215,79,9.5,49.54375,16.375,84.25,6.2625,79.1875,0.1,3321.6607483125,43320622.25,2.3,2.075,0.681875,12.23125,7.53412119287945,17.5825399235435,0.690402228439018,5.38125753129192,2.68590364352849,2.83985679689365,16,1.14199828543529
"Comoros","Africa","Developing",61.58125,240.9375,1.6875,0.126875,47.7314576225,69,62.625,18.25625,2,67.8125,4.8,66.9375,0.28125,630.38433406875,626077.1875,7.275,7.1625,0.324625,9.95625,6.33605627844686,13.3429289115232,0.877729493693016,3.51961764016862,0.971904442384308,1.09861228866811,16,7.85763751785392
"Congo","Africa","Developing",59.04375,322.75,7.875,2.043125,0,50.125,1021.625,20.925,11.6875,52.4375,3.005625,55.25,4.9875,1016.93796118125,4089872,8.4875,8.125,0.5283125,10.0875,6.22390915695128,15.2121908066808,5.29626196742754,0,2.17861966037962,2.53233477545345,16,4.45581068373342
"Costa Rica","North America","Developing",78.59375,69.375,1,4.245625,972.359149879375,79.3125,0.1875,46.725,1,69.9375,8.53125,79.75,0.1,3957.22728625,4399685.0625,1.9625,1.90625,0.7369375,12.8375,7.81871391579658,15.2951484055712,0.12996509635499,5.94481773750514,0.693147180559945,0.693147180559945,16,2.82506975695601
"Croatia","Europe","Developed",76.11875,89,0,12.206875,1162.85632917,96,23.6875,52.35625,0,95.5,7.448125,95.375,0.1,9056.7847190625,4290511.625,1.74375,1.71875,0.7890625,13.8875,8.70175787871321,15.2718062749852,1.96038267098278,6.13330251041985,0,0,16,1.62654550792935
"Cuba","North America","Developing",77.975,57.5625,1,4.578125,364.563858083687,96.25,0,49.4625,1,98.6875,6.489375,93.9375,0.1,3180.4348844375,11253426.0625,3.44375,3.26875,0.742125,14.69375,7.60210596881353,16.2361693912543,0,4.93241449072017,0.693147180559945,0.693147180559945,16,2.61470063935944
"Cyprus","Asia","Developed",79.675,54.125,0,10.335625,932.6673898875,92.625,1.9375,53.1625,0,98,6.608125,98,0.1,13898.88550125,1082455.1875,0.90625,1,0.8330625,13.51875,8.99699167827881,13.8917002355701,0.46386098710279,6.0053748711962,0,0,16,3.83898390933615
"Czechia","Europe","Developed",76.76875,71.8125,0,12.78,0,96.75,22.9375,55.7125,0,98,7.054375,98.125,0.1,2662.052109975,10356508.25,1.99375,2.0625,0.8075625,15.5875,7.22144427865086,16.1530383306071,2.17243307910176,0,0,0,16,4.71001518650548
"CÃ´te d'Ivoire","Africa","Developing",50.3875,417.3125,61.5,3.184375,0,61.4375,1708.25,21.325,86.8125,65.9375,5.725625,68.9375,4.6875,298.08942439375,21316380.125,6.7375,6.69375,0.428,7.3375,5.20191334659036,16.8693220908967,5.55655289156186,0,4.13418180996288,4.47352601120941,16,12.4514574903147
"Democratic People's Republic of Korea","Asia","Developing",69.19375,160.8125,9.9375,3.183125,0,87.875,222.5625,25.625,12.8125,98.25,5.9575,83.25,0.1,1310.761989175,24664610,5.4375,5.45,0.577,11.49375,6.51878183959456,17.0206037022802,0.73490646696245,0,2.34692034372947,2.5728309550387,16,1.84906704097488
"Democratic Republic of the Congo","Africa","Developing",55.6875,265.375,234.5,1.336875,0,45.625,48922.6875,15.8375,323.5,55.625,3.631875,41.875,1.81875,415.92763584375,64331215.4375,8.14375,7.95625,0.281,7.18125,5.49236938991849,17.9691198434792,9.92472824750735,0,5.46155057527979,5.78202184096355,16,4.25044337630495
"Denmark","Europe","Developed",79.25625,66.0625,0,10.644375,5313.33579445625,69.5625,15.75,55.825,0,88,7.654375,88,0.1,33067.407915625,5491000.125,1.1625,0.9375,0.899875,17.19375,9.83861219175135,15.5184388260895,2.17068988909235,7.56721946908945,0,0,16,4.72077375530309
"Djibouti","Africa","Developing",60.75625,274.6875,1.4375,0.81625,98.838448121875,70.4375,113.875,26.25,1.875,74.875,6.8525,75.125,3.28125,897.99987065,886311.125,5.84375,5.7,0.4184375,4.75,6.48304364640286,13.6905309243154,3.93320266644756,4.01187508268505,0.870538165357267,1.04792915015459,16,13.0235909102035
"Dominican Republic","North America","Developing",72.34375,143.5,6.4375,6.2025,360.678997136875,65.125,23,48.14375,7.8125,75.625,4.750625,83.1875,1.41875,3509.4991863125,9519555.4375,3.46875,3.375,0.685,12.74375,7.65131481491235,16.0671009581446,0.710759062755071,5.0017792032707,2.00433013332854,2.17358744315083,16,0.59233144798716
"Ecuador","South America","Developing",74.725,132.125,7.375,4.163125,109.40605116625,78.0625,20.75,43.3125,8.75,78.75,6.130625,89.1875,0.19375,2005.3524679375,14466577.5625,1.38125,1.26875,0.698875,13.0125,6.91654301841147,16.4843829115597,0.727198655956129,3.88464282785809,2.11910454811963,2.27103274394963,16,2.00871026664355
"Egypt","Africa","Developing",71.5,170.625,56.25,0.86875,0,96.6875,1069.25,49.2625,67.625,96.6875,5.61625,96.6875,0.1,1847.5786593125,85541198.6875,3.125,3.075,0.647625,11.89375,7.0569805872813,18.2601216509224,6.0325323910701,0,4.04540373840924,4.22504440501799,16,2.34657863637806
"El Salvador","North America","Developing",71.74375,155.0625,2.5625,2.633125,341.56915731,86.0625,0.125,45.325,2.875,82.25,6.9675,87.1875,0.2875,2517.8346304375,6047152.8125,1.80625,1.725,0.6504375,12.65625,7.4926001711454,15.6150323058959,0.0686632680417569,5.19399187546952,1.25236613928004,1.32761443955041,16,0.571176046216314
"Equatorial Guinea","Africa","Developing",55.3125,279.375,3,6.900625,552.671538039375,37.625,294.5,17.85625,4,36.875,2.9,29.9375,5.1375,7902.4107885625,1069823.75,6.65625,6.6,0.5361875,8.325,7.94949070238971,13.8591954653345,3.24351861343011,5.05852901939117,1.38629436111989,1.6094379124341,16,11.3017883021846
"Eritrea","Africa","Developing",60.6875,308.625,6.3125,0.81875,6.4360693815625,87.1875,175,15.15625,8.9375,87.8125,3.544375,82.25,1.2125,392.1299650375,2757010.25,8.08125,8.01875,0.2553125,4.925,5.27138807760369,14.8244292383515,4.4168336885468,1.48289211965821,1.98506129835013,2.2920829233113,16,14.7348118404761
"Estonia","Europe","Developing",74.94375,169.6875,0,9.330625,859.575008428438,88.75,3.5,56.68125,0,94.25,5.94625,94.125,0.1,8340.4329494375,1346321.8125,2.075,2.1375,0.8233125,15.9375,8.23880365485834,14.112707867509,0.863967420475841,5.33571990591939,0,0,16,4.86877279223729
"Ethiopia","Africa","Developing",59.1125,285.5625,187.75,1.27375,32.482109182375,61.75,3948.375,14.8,288.5,51.125,4.8825,46.1875,2.725,264.97094995,84817429.375,8.38125,6.475,0.346125,6.8,5.2550574899309,18.2471905278182,7.58296092896734,2.88034433342782,5.22009042192164,5.64001915532111,16,4.71633744723629
"Fiji","Oceania","Developing",68.7125,125,0,2.185625,139.156837596937,98.875,50,50.5625,0,97.125,4.198125,91.6875,0.1,2947.612688875,891328.8125,4.09375,3.79375,0.70225,14.18125,7.63997725983139,13.7000602734653,1.47406143141065,4.13332427307287,0,0,16,5.25909665393567
"Finland","Europe","Developing",80.7125,68.875,0,9.66625,2889.3154698925,90.75,2.8125,52.3,0,97.1875,8.68625,98.25,0.1,25268.649758125,5312810.3125,0.9,0.80625,0.8729375,17.29375,9.60162526841314,15.4854592819491,0.724865917234721,6.98591006944079,0,0,16,3.84615399669239
"France","Europe","Developing",82.21875,73.125,2.9375,11.698125,3751.50657413375,51.25,2661.625,51.98125,3.4375,98.25,6.355,98.0625,0.1,26465.551380625,63989827,0.625,0.6,0.8705625,15.9,9.63084139069773,17.9738601356729,5.33290576749364,7.22813381038152,1.36831423159165,1.48391966481986,16,3.57386248125688
"Gabon","Africa","Developing",62.24375,220.4375,2,7.61375,261.077778610625,52.25,349.8125,28.81875,3,57.25,3.200625,54.5,8,5179.256188625,1613265.9375,6.91875,6.775,0.654375,12.4125,8.06923733991108,14.2829752832436,2.54013362254833,4.76915276734029,1.09861228866811,1.38629436111989,16,5.71177076570456
"Gambia","Africa","Developing",59.4625,249.625,3,2.2475,0,95.375,41.25,20.3,5.6875,92.75,5.345625,88.5,2.34375,1756.55757718125,1810528.375,7.5875,7.50625,0.4201875,8.125,6.36475081054405,14.4004883447343,1.54860487555207,0,1.38629436111989,1.8977380616093,16,2.09442590210276
"Georgia","Asia","Developing",73.50625,114.9375,1.1875,5.751875,99.5257140183125,77.25,1298,47.74375,1.25,81.1875,7.365625,83.5,0.1,2158.28086928125,3855581.5625,2.75,2.89375,0.6779375,12.675,7.1946895026515,15.1646281257818,5.3101813184854,4.02601838427608,0.769171888330226,0.794513457586986,16,1.01714822385418
"Germany","Europe","Developed",81.175,71.25,2.5,11.414375,3900.89026089375,77.4375,1497.1875,51.99375,3.25,94.8125,4.114375,89.875,0.1,24337.7491,81813591.5625,1.11875,1.10625,0.8945,16.6,9.65942905530968,18.2199101492332,6.44256980555795,7.39133036749436,1.242453324894,1.44208024894844,16,3.27490807347795
"Ghana","Africa","Developing",60.8625,180.0625,40.3125,1.78,77.249122034875,70.4375,3419.75,21.725,59.8125,78.9375,4.395625,73.875,2.2875,834.3761008125,24023236.25,7.65,7.575,0.525875,9.5125,6.2008739743094,16.9877505051896,6.0115237524487,3.63884868317271,3.72031467164962,4.1058915659726,16,4.20966506601303
"Greece","Europe","Developing",81.21875,73.625,0.1875,8.416875,1759.24682044375,88.9375,24.875,58.68125,0.4375,91.4375,8.9375,96.625,0.1,16454.23587,10977746.125,0.8125,0.73125,0.8423125,15.9375,9.10674476678837,16.2113396094433,1.85490961453206,6.6155524053785,0.12996509635499,0.303251891494976,16,2.36623905239921
"Grenada","North America","Developing",73.29375,153.75,0,8.578125,363.84122981125,95.5625,0,40.2125,0,95.125,6.35375,95.625,0.1,6259.5172613125,110832.8125,3.91875,3.93125,0.2331875,15.20625,8.54653907638518,11.6156042478804,0,5.07868228004304,0,0,16,49.4643565637402
"Guatemala","North America","Developing",71.73125,131.1875,13.125,2.12875,334.027048028125,80.1875,0,40.44375,16.125,71.4375,6.546875,85.5625,0.375,2365.83447375,13807986,1.3375,1.3375,0.5844375,9.8625,7.54161948683558,16.4362036520604,0,5.27814051375814,2.63603751011293,2.82698011597723,16,3.06198800161649
"Guinea","Africa","Developing",56.0125,259.875,30.8125,0.3675,15.8912829451875,55.75,1522,17.46875,48.375,52.4375,4.27375,47.875,2.19375,279.46479789375,9898400.5625,7.64375,7.625,0.36475,7.175,5.18060042944418,16.1023405286472,4.79589978051068,2.28042008357179,3.45455815488346,3.89144984316277,16,3.19339909175434
"Guinea-Bissau","Africa","Developing",55.36875,158.3125,4.5625,2.16125,21.9616446626875,55.5,331.3125,19.43125,7.3125,74.75,5.77375,65.25,4.81875,384.21493053125,1485336.6875,7.5,7.38125,0.2541875,8.2875,5.61224208553274,14.2045874124152,2.37826122627653,2.58504533608071,1.7119937881307,2.1107588360806,16,18.0984194005474
"Guyana","South America","Developing",65.6375,203.9375,0.5625,7.078125,187.765017956688,88.1875,0,36.38125,1,87.75,6.075625,88.1875,1.0625,1783.8809370625,756665.5625,5.68125,5.46875,0.6198125,10.7875,6.82005402373669,13.5366436702003,0,3.8893999355982,0.389895289064969,0.693147180559945,16,1.31930496832653
"Haiti","North America","Developing",59.86875,168.3125,17,5.174375,36.1292001789375,44.5,71.9375,39.275,24.8125,53.8125,5.969375,48,2.7375,434.36012815,9425948.6875,4.24375,4.25625,0.4620625,8.45,5.78437909367525,16.0563658893689,0.748494029954938,3.14086590808623,2.88186179894371,3.21101972309589,16,7.63214820214748
"Honduras","North America","Developing",72.99375,142,4.625,3.15125,192.11563525375,95.0625,0,39.74375,5.6875,95.375,7.86875,95.625,0.81875,1421.7880825,7917284.0625,2.4,2.3375,0.590125,10.8875,6.9832616187978,15.8791700224908,0,4.72332689314706,1.71124341687362,1.87970585959541,16,2.60540206580952
"Hungary","Europe","Developed",73.825,147.0625,0.5625,10.75,376.831080251,97.875,2.0625,56.93125,0.875,98.9375,7.52625,99,0.1,8513.64183125,10029034.0625,1.91875,1.9125,0.8043125,15.11875,8.57128221971896,16.1209234022783,0.612880950407967,4.6082424181922,0.389895289064969,0.606503782989952,16,3.2938817195595
"Iceland","Europe","Developed",82.44375,49.375,0,7.5775,4991.59530846875,84.6875,0,51.075,0,89.75,8.4425,89.75,0.1,30159.5029075,307688.875,0.95625,0.9,0.8853125,18.15625,9.57860814240238,12.6354627863698,0,7.36545695960307,0,0,16,5.3016919896197
"India","Asia","Developing",65.41875,146.5625,1366.6875,1.82125,33.2426210915625,36.125,46454.1875,14.79375,1812.5,69.625,4.260625,67.0625,0.25625,837.9200509125,1197338461.0625,27.1,27.94375,0.5495,9.98125,6.28774880730117,20.9009491971171,10.6492511928797,2.98518970838391,7.19687608155254,7.47418842981349,16,4.85821127966587
"Indonesia","Asia","Developing",67.55625,166.5625,151.1875,0.2025,83.768315591875,73.5625,16244.9375,19.95625,186.625,62.1875,2.768125,72.375,0.2,1669.116783075,238781588,3.41875,3.94375,0.6414375,11.6125,6.8396091299426,19.2893089872086,9.56273094523801,3.61211541954597,5.01365547895146,5.21866469131398,16,3.50243931797164
"Iran (Islamic Republic of)","Asia","Developing",73.85625,107,25.1875,0.19375,0,97.75,2828.25,48.63125,29.6875,98.25,6.3,98.375,0.1,1096.8129293125,74525914.3125,7.76875,7.95625,0.715,12.65625,6.28564079145966,18.1242846982076,5.87129223239881,0,3.24836879516239,3.40336372123288,16,4.72035256104219
"Iraq","Asia","Developing",70.35625,136.75,31.1875,0.16,120.663689503125,64.875,3454.375,48.59375,38,55.625,4.513125,65.75,0.1,3642.98546275,30044251.1875,5.4,5.1625,0.6335,9.90625,7.77061249282102,17.2100565517737,5.87960131760875,3.28002061876485,3.4712002639098,3.66331501672253,16,4.46434887507093
"Ireland","Europe","Developed",80.15,72.4375,0,12.4975,4867.3126046875,77,174.5,53.6875,0,86.125,7.839375,86.125,0.1,33835.272005,4328174.875,0.3,0.21875,0.8915,17.65625,10.0532472628796,15.2781758732281,4.44220617792522,7.69277810959475,0,0,16,5.56878620809796
"Israel","Asia","Developing",81.3,59.5,0.9375,2.628125,1467.53582692188,97.4375,138.9375,54.9875,1,94.25,7.15625,89,0.1,18860.476015625,7294387.5,1.14375,1.1,0.8731875,15.7125,9.0566352430214,15.7988376384862,3.66794461691337,5.83030126166539,0.649825481774949,0.693147180559945,16,2.15366494379129
"Italy","Europe","Developed",82.1875,54.1875,2,7.92375,2937.13765423063,95.5,1961.375,56.15,2.3125,96.125,8.6625,94.75,0.1,21234.782370625,58826570.0625,0.5125,0.525,0.8580625,15.93125,8.81515107031699,17.8898774250439,5.4776796122389,6.60039776282086,1.09125084893959,1.18851293630929,16,2.35182977703586
"Jamaica","North America","Developing",74.29375,141.25,1,3.398125,134.249450170875,85.25,0.1875,45.425,1,89.625,5.054375,89.3125,1.2375,2509.546469625,2714223.4375,1.88125,1.7375,0.709625,12.275,7.23543014372084,14.8137736638959,0.111984966826753,4.09337748063419,0.693147180559945,0.693147180559945,16,2.23905047540718
"Japan","Asia","Developed",82.5375,57.125,2.875,6.748125,3923.05032917375,80.1875,6875.8125,25.60625,4,96,6.211875,96.25,0.1,24892.544784375,127628000,1.8125,1.54375,0.8765625,14.975,9.71235845965173,18.6646262902944,6.47031654822256,7.05806215490466,1.34226678692122,1.59923241380404,16,12.5399804106715
"Jordan","Asia","Developing",72.9875,114.3125,4,0.7575,273.59953421875,97,26.5,53,4,97.125,8.665625,97,0.1,1822.629925625,6889652.5,3.8875,3.86875,0.729,13.2375,7.10868426001917,15.7315639023883,2.26109714732597,4.92537850665289,1.6094379124341,1.6094379124341,16,2.39650565257148
"Kazakhstan","Asia","Developing",66.7625,232.0625,7.125,6.988125,203.03090856,97.3125,1246.9375,45.15625,8.0625,97.5,4.296875,96.4375,0.1,4040.586664375,16523260.0625,2.4375,2.54375,0.7450625,14.025,7.46998267409071,16.6190937308522,4.42659107414721,4.27931841062885,2.0785983335418,2.18729047013116,16,7.31240202762295
"Kenya","Africa","Developing",57.48125,348.5625,65.875,1.534375,61.6554643435,69.25,2643.875,15.5625,98.625,70.1875,4.655625,70.5,8.7625,716.77006788125,38748857.3125,8.4,8.2875,0.497125,9.96875,6.18786517595423,17.4636753085201,5.95892330107676,3.4326285859206,4.19652789597797,4.58964542991904,16,5.5854724789044
"Kiribati","Oceania","Developing",65.15,129.4375,0,0.603125,77.126103345,75.1875,0,69.43125,0,75.25,5.6925,74.9375,0.1,1175.29241553125,103118.4375,0.15625,0.1375,0.36375,11.69375,6.85345731772448,11.539805273909,0,3.65134230643396,0,0,16,22.5706705731812
"Kuwait","Asia","Developing",73.84375,83.25,0.5,0.033125,1719.84098058125,98.1875,15.375,59.60625,1,98.1875,2.99125,98.5,0.1,31914.378339375,2704244.1875,3.28125,3.15625,0.7895,13.725,9.99338255438331,14.7854234231193,1.75640962810948,6.70613477099693,0.346573590279973,0.693147180559945,16,9.26382792719093
"Kyrgyzstan","Asia","Developing",69.08125,173.6875,3.75,2.7,0,85.5625,1156.625,35.1125,4.125,95.875,6.0675,96.5625,0.1125,1122.9384767875,5358042.875,3.35625,3.4125,0.6220625,12.3375,6.227798538689,15.4921593171012,2.94861205180905,0,1.55365202460555,1.62967673237583,16,2.10301391123723
"Lao People's Democratic Republic","Asia","Developing",62.38125,197.1875,10.625,3.759375,0,60.625,552.75,14.3625,14.75,58.8125,3.585,61.5,0.2,1125.29773165625,6107418,6.275,6.38125,0.515625,9.23125,6.34507186440841,15.6226337173193,5.43460746750356,0,2.44166711104184,2.74253729105413,16,3.78802383828087
"Latvia","Europe","Developed",73.73125,161.8125,0,9.116875,530.60519180375,88.9375,3.3125,51.30625,0,95.0625,6.461875,95,0.1,7951.824896625,2169873.8125,2.40625,2.43125,0.7925,15.56875,8.68988549550476,14.5885325535988,0.68424092664699,5.4389825459539,0,0,16,3.80396505515386
"Lebanon","Asia","Developing",74.2,65.3125,1,1.8,333.047945132063,70.5,295.1875,55.3375,1,71.25,6.539375,70.5,0.1,4696.1923789375,5027468.1875,4.76875,4.71875,0.4696875,13.74375,7.95534287177651,15.4232657074346,4.24151279049332,4.80222880713322,0.693147180559945,0.693147180559945,16,13.0594807134002
"Lesotho","Africa","Developing",48.78125,550.0625,4.5,1.956875,82.1189129000625,73.625,266.6875,25.2375,6.3125,67.9375,7.488125,79.4375,22.96875,794.5230103125,2002517.625,7.1875,7.06875,0.4568125,10.65625,6.36266454188035,14.5096711555626,2.64017619234328,3.75952373136574,1.70059869083108,1.98763870925048,16,31.892530334237
"Liberia","Africa","Developing",57.525,246.9375,10.6875,3.165,25.27170667675,44.125,705.3125,19.9875,14.75,59.4375,6.798125,40.6875,2.28125,246.28174803125,3742913.625,7.8375,7.7625,0.3894375,9.86875,5.25314907803363,15.1231916787677,3.97454235188923,2.87106809293964,2.44421848569936,2.73776397988009,16,5.16097970791598
"Libya","Africa","Developing",72.4875,139.6875,2.1875,0.1175,180.0749890925,96.3125,547.3125,54.8375,2.5,96.5,3.803125,96.5,0.1,5454.8779596875,6025170.9375,5.6,5.43125,0.7408125,14.79375,7.95550238399556,15.609287152233,3.57635228261862,3.68983813690261,1.14519123752429,1.242453324894,16,2.51086799279969
"Lithuania","Europe","Developed",72.80625,117.25,0,12.879375,1015.75384256375,94.75,14.9375,49.23125,0,88.8125,6.613125,94.25,0.1,9007.4586225,3207170.9375,2.9375,2.96875,0.8066875,16.1,8.55178067221125,14.9790213194914,1.64772535428071,6.00564614258597,0,0,16,4.86534335947822
"Luxembourg","Europe","Developed",80.78125,67.5625,0,11.80375,8177.5763413625,92.375,1.125,47.825,0,98.0625,7.466875,98.9375,0.1,53257.012740625,491467.1875,0.95,0.9125,0.878125,13.6375,10.1779332435093,13.1017124345489,0.414252586011221,7.99451437653012,0,0,16,8.38077407109919
"Madagascar","Africa","Developing",62.74375,228.8125,34.9375,0.821875,43.25315657175,61.125,9576.1875,14.76875,51.125,59.9375,4.745625,61.25,0.525,314.04132958125,20764149.3125,7.86875,7.78125,0.4566875,9.33125,5.58729378975982,16.8399089659657,3.71338172043037,3.42038155838669,3.57264492472348,3.93724700869348,16,3.6339729783437
"Malawi","Africa","Developing",49.89375,424.4375,37.125,1.13,25.8497064568125,87.875,7559.4375,16.78125,58.75,89.0625,6.42375,83.625,16.68125,237.50404201875,13945564.625,7.11875,6.9875,0.410625,10.23125,5.03451780778511,16.4424094206169,3.99850545207593,2.65191018423006,3.62361484780294,4.06456318775689,16,14.6399054589635
"Malaysia","Asia","Developing",73.75625,118.5625,3.3125,0.768125,248.88502812,96,1453.125,29.16875,4.125,96.375,3.911875,96.4375,0.1,4904.9389918125,27191516.0625,8.6125,8.40625,0.749125,12.5625,8.07585020164121,17.1139664650026,6.56387360937312,4.84366478079563,1.45602672090558,1.63222810703334,16,3.08974158953737
"Maldives","Asia","Developing",75.5375,83.1875,0,1.575,626.4998210525,97.875,157.875,19.29375,0,97.875,7.826875,97.875,0.1,3818.2969615625,340664.6875,14.19375,14.2875,0.638625,12,7.486088479006,12.7295718824584,2.12173721151943,5.2469910338597,0,0,16,7.20440853617124
"Mali","Africa","Developing",54.9375,202.125,55.9375,0.60625,48.981176981125,62.375,823.3125,17.2125,96.5,62.5,6.42375,67,1.825,530.5121701,14834620.5,7.075,6.35,0.3651875,6.43125,6.04796762549768,16.5016535394817,5.49815539007859,3.3412119453876,4.04077265998395,4.57579769555807,16,8.55504555596629
"Malta","Europe","Developed",80.3625,60.75,0,7.323125,1181.43178558125,82.1875,2.1875,66.18125,0,89.4375,8.161875,89.3125,0.1,10114.797943125,410623.1875,0.75,0.7125,0.8111875,14.30625,8.66222704657468,12.9248383434992,0.94402578581722,6.15855793865691,0,0,16,4.49404019643395
"Mauritania","Africa","Developing",62.8,159.9375,7.8125,0.013125,31.7031471238125,61.0625,815.9375,22.475,11.9375,63.0625,3.914375,60.125,1.1875,635.04960900625,3204791.375,6.48125,6.81875,0.4730625,7.31875,5.95770802339781,14.9717036872581,4.52230166360155,2.9247795516537,2.17514025815065,2.55994668823194,16,4.77298254347406
"Mauritius","Africa","Developing",72.7125,163.5625,0,3.408125,422.239524298938,96.1875,54.3125,25.98125,0,96.5,4.589375,96.3125,0.10625,5299.579823625,1234830.25,7.46875,7.4125,0.722625,13.53125,7.93504855115044,14.0262646466542,1.57061970702568,5.05087370943169,0,0,16,4.27717767842892
"Mexico","North America","Developing",75.71875,111.0625,39.625,5.01875,465.3274957875,94.4375,11,51.41875,46.5,95.0625,6.1275,95,0.1,5179.33080675,109796575.4375,1.73125,1.66875,0.728875,12.325,8.07387303254428,18.5121018301622,1.29361775168213,5.0201454615196,3.68829829971293,3.84226873338669,16,2.28631874875105
"Micronesia (Federated States of)","Oceania","Developing",68.2,154.0625,0,2.73,0,75.4375,8.75,65.15,0,82.375,11.43625,81.875,0.1,772.5242039,109896.375,0.2125,0.20625,0.5868125,10.4,5.96374218705269,11.6071578043414,0.309297493148635,0,0,0,16,12.2108727107428
"Mongolia","Asia","Developing",65.8875,222.125,1.5625,2.881875,126.378363989375,97.4375,2079.25,39.79375,1.9375,97.5625,5.466875,97.375,0.1,1984.6880227125,2658577.25,2.28125,2.3875,0.6620625,12.66875,7.23526772368757,14.7906923694676,3.10442713350662,4.39574425751807,0.921221303870788,1.0585478399543,16,3.80869480355056
"Montenegro","Europe","Developing",74.5,92.75,0,3.09125,455.049824020625,57.125,0.625,50.4875,0,77.875,7.31875,75.25,0.1,4676.5142775,616274,2.1375,2.1875,0.58375,10.71875,7.99337130066859,13.3314071336266,0.223969933653507,5.47428767987757,0,0,16,4.93915720738028
"Morocco","Africa","Developing",72.15625,95.1875,21.375,0.4875,102.98965830775,87.25,2593,48.61875,24.875,96.9375,5.37875,97.1875,0.1,1936.391438375,31453048.25,6.45625,6.3125,0.5855,10.2875,7.31334175005023,17.2621457939344,6.37959834002618,4.1431805163246,3.0997437529235,3.24473760573033,16,3.96504031241047
"Mozambique","Africa","Developing",53.39375,226.25,74.5625,1.2475,37.0341515221875,64.625,4735,16.14375,107.25,69,5.9425,64.0625,11.3875,365.06823808125,21863897.375,3.80625,3.71875,0.3608125,7.9875,5.74030406974366,16.8934856895941,6.17701846336247,3.18934588775488,4.31549509707041,4.67188701786777,16,14.9461673588278
"Myanmar","Asia","Developing",64.2,154.3125,56.625,0.34,12.82456363525,65.875,914.5,17.125,76.9375,70.6875,2.120625,72.375,0.475,616.18435734375,48234086.75,13.13125,13.425,0.48825,8.325,6.02217885897975,17.6909514062639,6.26997359753511,2.03494498644776,4.03260076450299,4.32885682053726,16,4.06130670179812
"Namibia","Africa","Developing",60.4,313.1875,2.875,4.448125,359.930079416937,75.75,722.0625,28.225,3.8125,78.5,7.14875,83.5,13.64375,3042.603507,2057279.25,10.7,10.70625,0.5883125,11.55,7.51688953498408,14.5339489749605,4.76799850228941,5.08950191774706,1.35033410206342,1.56759849656269,16,8.10060552172316
"Nepal","Asia","Developing",66.48125,147.25,29.125,0.21125,40.1620642759375,67.5,4663.5625,15.175,38.125,69.125,5.888125,73.6875,0.15625,395.32846794375,26611340.9375,17.13125,17.66875,0.494375,10.43125,5.76893206753254,17.0961231920194,7.87356519872728,3.12731993733441,3.36044988992564,3.61179081250659,16,5.42816459010718
"Netherlands","Europe","Developed",81.13125,61.625,1,8.294375,3805.68704771875,76.5625,251.9375,53.96875,1,96.8125,6.961875,96.8125,0.1,34964.719796875,16457758.875,1.025,0.9625,0.89975,17.05625,10.0912971290327,16.6161503300747,3.03797216178868,7.34741238787125,0.693147180559945,0.693147180559945,16,4.60290747381008
"New Zealand","Oceania","Developed",81.3375,71.5,0,9.16625,2922.14777979188,70.1875,94.9375,56.625,0,89.125,8.715625,70.625,0.1,14775.554806875,4226056.25,0.3125,0.3,0.8911875,18.86875,8.94557064822693,15.2554413855226,3.6554507957216,6.89180241402886,0,0,16,5.9454054952631
"Nicaragua","North America","Developing",73.45,162.375,3.0625,3.3725,183.662907648813,91.875,0,42.68125,3.6875,88.1875,6.85375,91.875,0.225,957.9039710625,5555823.8125,1.96875,1.875,0.6035,11.1125,6.1899145901203,15.5283736803695,0,4.16780777037082,1.38410620279264,1.52546639644725,16,5.77360925566564
"Niger","Africa","Developing",56.98125,232.4375,52.8125,0.10625,19.099368610625,65.0625,15467.125,16.3625,105.6875,52.9375,6.47,52.3125,1.1625,259.782440975,15325837.875,9.025,8.9125,0.298125,4.01875,5.36909249608728,16.530711379826,7.867624443217,2.57136007525875,3.9837171151559,4.66092353853618,16,7.90711218701285
"Nigeria","Africa","Developing",51.35625,248.5,535.6875,8.81625,85.4442753329375,35.75,51653.9375,19.75,852.0625,41.3125,3.676875,39.3125,4.83125,1360.13987746875,156676527.375,10.41875,10.36875,0.367375,9,6.68613855525095,18.8616111909475,9.77230643209475,3.70023922839606,6.28379855238095,6.74600116402017,16,13.5429967824723
"Norway","Europe","Developed",81.79375,66.25,0,6.234375,4658.81391809375,82.5,6.3125,50.8125,0,93.0625,8.86,87.9375,0.1,27434.946928125,4784754.75,0.7625,0.7,0.9314375,17.46875,9.20706686214734,15.3798322246178,1.46013091056292,7.0134979121941,0,0,16,3.60844281199775
"Oman","Asia","Developing",74.84375,67.75,1,1.001875,387.410820335625,98.8125,10.875,44.78125,1,98.5,3.001875,98.75,0.1,7621.311126875,2872289.125,7.025,6.825,0.7155,12.225,8.33563788129109,14.8489592037737,1.99048969866391,5.11270505758795,0.693147180559945,0.693147180559945,16,2.70223537947982
"Pakistan","Asia","Developing",64.5,154,367.9375,0.479375,26.1203906045625,62.75,3842.3125,18.3125,461,64.1875,3.453125,70.875,0.1,666.11105159375,187034709.75,15.0875,15.5125,0.500875,6.71875,5.8483205615145,19.041053532612,7.97861063339305,2.61878891609136,5.91044223796243,6.13510784227214,16,7.01146097689009
"Panama","North America","Developing",76.4875,115.875,1.125,6.2425,569.971616201938,79.875,0.25,49.3125,1.6875,84.6875,7.576875,80,0.125,5417.76889025,3474971.375,2.08125,2.01875,0.74825,12.775,7.99424254397543,15.057560870672,0.100589869527131,5.15512131244723,0.743830319073466,0.971904442384308,16,2.04416977224573
"Papua New Guinea","Oceania","Developing",61.68125,266.5625,10.625,0.8125,75.370481651875,57,2349.875,40.7875,13.75,62.5625,5.458125,68.375,1.16875,711.8290122,7101349.625,1.40625,1.3625,0.4661875,8.54375,6.12597903607312,15.7658773434368,4.01342538340287,3.82650882513804,2.45227738341689,2.68992549564513,16,5.42497933250384
"Paraguay","South America","Developing",73.1125,139.9375,3.1875,5.819375,229.790694404375,82.25,0,39.525,3.6875,77.9375,6.663125,89.625,0.1375,1983.4043354375,5607681.3125,2.2,2.11875,0.6561875,12.16875,7.06706769853891,15.5381369346709,0,4.64056923083976,1.42410011942021,1.53460280333338,16,0.994922125977933
"Peru","South America","Developing",73.6625,122.4375,11.8125,4.1525,417.078699565,80.3125,0.375,44.86875,15.125,82.8125,4.881875,81,0.29375,2928.543541625,28574241.6875,1.21875,1.21875,0.70325,13.30625,7.37125979913405,17.1672753362595,0.187233267097124,5.30145999971149,2.51969484091919,2.74750403816189,16,0.547979640308965
"Philippines","Asia","Developing",67.575,217.9375,61.1875,4.56375,89.55657082675,62.125,7144.6875,19.1875,78.8125,78.1875,4.153125,79.125,0.1,1397.1361066875,92301456.1875,1,9.69375,0.6504375,11.54375,6.38524878699454,18.3368964120956,7.54143848692443,3.58557145537343,4.1263630041119,4.37467663208304,16,5.66758571001376
"Poland","Europe","Developed",75.65,107.5625,2.25,10.08125,310.682268485,97.375,47.4375,53.73125,2.6875,96.75,6.465,98.75,0.1,6792.5636004375,38127253.1875,2.20625,2.3625,0.8131875,15.25,8.1407283923864,17.456437555152,2.9029380296358,4.72983736382528,1.17053280678105,1.29236005590761,16,1.69090185344098
"Portugal","Europe","Developed",79.99375,58.875,0.1875,12.269375,1614.89704591875,87.625,7.25,43.63125,0.375,96.5,8.025625,97,0.1,11598.62553125,10473242.25,0.71875,0.5375,0.805,15.9375,8.85191506215452,16.1643025738705,1.4457831531181,6.53756318743013,0.12996509635499,0.25993019270998,16,3.07442294382015
"Qatar","Asia","Developing",77.03125,75.375,0,1.05625,2466.8550051575,95.0625,96.25,65.65,0,95.875,2.555625,89.6875,0.1,40748.444104375,1310722.9375,4.95625,4.5875,0.828375,12.85,9.79539613934476,13.9942394348875,3.97576655582789,6.55652910312688,0,0,16,9.94007523841943
"Republic of Korea","Asia","Developing",80.4875,76.1875,2.125,9.055,0,95.125,3548.4375,23.24375,2.5625,91.25,6.078125,96.0625,0.1,2107.598541725,48971749.75,1.5375,1.01875,0.8053125,14.8375,6.89461140210747,17.7064487942034,4.23515293651669,0,1.10109313123939,1.24833248170894,16,12.6879112084745
"Republic of Moldova","Europe","Developing",69.98125,210.3125,1,9.12625,0,95,390.875,43.90625,1.0625,94.9375,7.266875,72.8125,0.1,1458.120538875,2879277.125,3.025,3.2,0.5915625,12.69375,6.31405414220053,14.8730140618452,2.62908774674819,0,0.693147180559945,0.718488749816706,16,4.90830427236055
"Romania","Europe","Developed",74.05,156.0625,2.8125,9.151875,426.536634242625,91.8125,1365.6875,52.25,3.25,94.75,5.22625,95,0.1,4258.9400543125,20862126.375,3.16875,3.50625,0.762625,13.925,7.62862655478662,16.852684331269,4.8921564553239,4.85244239650631,1.31218568467969,1.41022417954931,16,2.30027284975392
"Russian Federation","Europe","Developing",67.7625,224.5625,16.6875,11.335,326.084075064875,92.5,1616.4375,53.31875,19.3125,97.5625,6.403125,97.125,0.2625,6545.137359,143964171.75,2.44375,2.60625,0.7621875,13.74375,7.98117429816095,18.785042663346,6.66185481503195,4.59711246041948,2.859999621905,2.99783429086872,16,7.77317449634615
"Rwanda","Africa","Developing",59.3125,246.8125,20.75,5.284375,20.1913534375,84.875,505.875,14.75,32.0625,88.5,6.250625,89.375,4.425,300.01801709375,9743289.875,6.63125,6.65625,0.4176875,9.2875,5.16209078209073,16.0856784861558,4.49867800277012,2.37434004910247,3.0170817619775,3.40952674359056,16,3.83435206728599
"Saint Lucia","North America","Developing",73.6,146.25,0,11.12625,0,84.75,0,39.59375,0,84.875,7.01875,83.8125,0.15,956.93009798125,167746.1875,4.35,4.38125,0.66475,12.70625,6.30682020066312,12.0297687302147,0,0,0,0,16,3.52968099423747
"Saint Vincent and the Grenadines","North America","Developing",73.475,152.0625,0,5.97125,0,94.125,0,41.99375,0,97.875,5.1,98.3125,0.28125,1398.15268781875,110910.875,3.6625,3.6125,0.65725,13.18125,6.40883820618505,11.6162992053149,0,0,0,0,16,3.3957297737581
"Samoa","Oceania","Developing",73.61875,133.5625,0,3.205,254.597017984375,54.9375,0.5625,62.90625,0,57.25,5.5425,62.9375,0.1,2121.6206485,190648.875,0.2,0.16875,0.6784375,12.64375,7.10301145318245,12.1577033771879,0.18064823486851,4.70675532852118,0,0,16,5.40019271085459
"Sao Tome and Principe","Africa","Developing",65.1625,164.9375,0,3.93,52.3150942088125,80.3125,0,20.85,0,90.5625,6.57625,95.125,0.96875,724.859077575,171722.0625,6.6375,6.55625,0.52825,10.25625,6.01602684435555,12.0481868879851,0,3.02959142976816,0,0,16,2.69102065182976
"Saudi Arabia","Asia","Developing",73.46875,52.125,8.625,0.291875,838.506400329375,96.8125,759.3125,55.3125,10,96.8125,3.983125,96.875,0.1,10689.0529458125,22654251.75,7.35625,7.36875,0.782625,13.2875,8.82164918898866,16.9199023647161,5.67962341964494,5.93684797431982,2.25963764665001,2.39276531691159,16,6.97118852485637
"Senegal","Africa","Developing",62.56875,174.1875,22.3125,0.41375,21.4864262246875,81.6875,3248.75,18.44375,36.625,75.4375,5.00125,78.3125,0.53125,274.61116614375,12037352.5625,8.09375,7.9875,0.4325625,7.125,4.84771645503763,16.2969606480115,4.71478514230818,2.25197123681385,3.14358269603999,3.60696565738765,16,6.01924725749874
"Serbia","Europe","Developing",73.95625,130.4375,1,8.644375,464.744738045687,91.6875,73.8125,52.1375,1.0625,94.625,6.24,93.3125,0.1,3674.5424077625,7343229.9375,2.39375,2.425,0.7416875,13.53125,7.71039525583041,15.8091140618269,2.82517569857148,5.33401535134452,0.693147180559945,0.718488749816706,16,1.18932112628078
"Seychelles","Africa","Developing",72.375,161.1875,0,5.8425,466.8304218925,98.6875,0.6875,28.40625,0,98.5,3.849375,98.5,0.1,6496.3023970625,86143.625,5.90625,6.3,0.6908125,12.90625,8.20427729976512,11.3629024017416,0.193190153334895,5.09121376463604,0,0,16,3.36791169711292
"Sierra Leone","Africa","Developing",46.1125,357.8125,27.5625,3.011875,29.1055785935625,69.9375,673.875,18.30625,41.875,71.75,9.0425,72.125,1.51875,271.50556128125,5827262.5,7.68125,7.1,0.3618125,8.23125,5.34574518269967,15.569337666717,5.05005478592371,2.89078927812268,3.34703443704437,3.74707646703603,16,18.2670025718936
"Singapore","Asia","Developed",81.475,62,0,1.7625,2332.57175895,95.875,85.75,25.90625,0,96.125,3.574375,96.1875,0.1,32790.105906875,4730173.6875,2.125,2.06875,0.866875,13.98125,10.0749952703037,15.3630832854886,3.58208133620976,6.84664926165902,0,0,16,13.9649365532508
"Slovakia","Europe","Developed",74.75,118.0625,0,10.070625,0,98.5625,0.25,51.81875,0.125,98.4375,7.206875,98.625,0.1,1624.6279342,5389344.3125,1.34375,1.425,0.8033125,14.35,6.98515535889714,15.4999294015709,0.15530666561175,0,0,0.0866433975699932,16,3.71466118710241
"Slovenia","Europe","Developed",79.73125,76.4375,0,10.648125,1556.33454500875,94.6875,6.0625,52.2,0,95.1875,8.633125,95,0.1,11441.0443775,2024922.375,1.76875,1.79375,0.8604375,16.475,8.60784111719327,14.5209464873629,0.808787304158992,6.23910916924058,0,0,16,2.09050431191608
"Solomon Islands","Oceania","Developing",67.7125,140.0625,0,0.895,112.027415570563,78.625,0,39.175,0,87.75,6.14375,75.375,0.1,801.912383175,518786.125,1.24375,1.2625,0.48025,8.6375,6.15310045413826,13.1529289161111,0,3.7831982871128,0,0,16,3.87039028062395
"Somalia","Africa","Developing",53.31875,316.75,49.875,0.01,0,39.8125,5494.0625,18.6875,80.5625,29.8125,4.638125,29.3125,0.8375,851.577833275,11339488.4375,7.26875,7.08125,0.25975,4.25,5.60910330937122,16.2353542221209,7.04597636110485,0,3.92842942657563,4.40065962717551,16,9.36845222373458
"South Africa","Africa","Developing",57.5,412.75,48.6875,7.63125,616.359643518125,66.5,1506,38.15,69.8125,65.3125,8.120625,70.1875,18.49375,4869.4270436875,51201043.8125,9.175,11.075,0.6290625,12.89375,8.27673042326855,17.7497368106204,5.49993644432185,5.87221162412193,3.90028954968,4.24550792019554,16,19.8468051587102
"South Sudan","Africa","Developing",53.875,346.3125,27.75,2.70375,8.2410769375,55.9375,315.75,18.6875,43.25,51.5625,4.670625,52.625,3.69375,738.3491563625,8711843.9375,6.89375,6.80625,0.1316875,1.53125,6.34739341804691,15.9586385422292,2.11556257074797,0.712771693672505,3.35719167187254,3.78700888760372,16,25.0235652514748
"Spain","Europe","Developed",82.06875,63.625,1.625,10.479375,2332.68018388437,92.5,449.875,58.66875,1.875,96.75,8.37,96.75,0.1,17093.459736875,44570849.0625,0.6,0.5,0.8505625,16.35625,9.1602477549561,17.6113156965578,4.86761475643351,6.73572238492119,0.946562873127548,1.04792915015459,16,2.58138893073312
"Sri Lanka","Asia","Developing",73.4,144.375,4,2.28,59.75360089375,91.875,1420.4375,17.275,4.75,98.375,3.951875,98.4375,0.1,1040.110189675,20411011.375,15.325,15.36875,0.7251875,13.21875,6.54620974191305,16.8312492500809,4.67881871144775,3.63244712462153,1.59236898467859,1.71591159766122,16,8.67286328493416
"Sudan","Africa","Developing",61.825,240.3125,64.625,1.544375,97.69844266625,66.3125,3108,23.16875,96.625,72.25,5.639375,72.375,0.25,1192.79795343125,33458687.625,8.6375,8.5625,0.441,6.375,6.89611145778604,17.3197523491268,7.29510208929316,4.02204134623886,4.18194272266041,4.57811071919092,16,7.27665280143062
"Suriname","South America","Developing",70.08125,166,0,5.1675,508.494032814375,75,0,50.15625,0,78.25,6.99125,82.5625,0.7625,4781.2168219375,533192.1875,3.5125,3.45625,0.4810625,11.825,7.81225670043954,13.1849424086508,0,5.28340323271418,0,0,16,5.79093552534067
"Swaziland","Africa","Developing",51.325,339,2.625,4.71125,278.0997131315,76,49.125,25.5,3.6875,89,7.13125,83.75,32.94375,2165.0908375,1094477.0625,6.475,6.63125,0.5156875,10.35,7.20507755231107,13.9054042150835,1.59666673086821,4.62388881502739,1.27841358395047,1.53970555264841,16,72.1285730097876
"Sweden","Europe","Developed",82.51875,59.1875,0,6.870625,4438.16315355,71.25,18.9375,56.25,0,98.3125,9.928125,98.3125,0.1,29334.990639375,9241468.5,1.35,1.30625,0.893125,15.86875,9.86974869225791,16.0387154883161,2.58733622860765,7.55926617889398,0,0,16,3.86245277228382
"Switzerland","Europe","Developed",82.33125,55.75,0,10.435625,9801.81037748125,76.5625,397.5,51.4375,0,95.375,6.415,94.5625,0.1,57362.87460125,7661607.125,0.5375,0.39375,0.9110625,15.39375,10.7555111060944,15.8507375469508,4.30983299091405,8.3985551845303,0,0,16,8.31541020835795
"Syrian Arab Republic","Asia","Developing",70.85,139.625,8,0.780625,39.2994856325,64.125,295.6875,47.3125,9.5625,64.8125,3.9875,48.4375,0.1,1985.49187936875,19988623.5,6.45,6.25625,0.6180625,10.98125,6.72565309749058,16.8052835691898,4.9124353006591,2.06235056080272,2.18877275304474,2.3512837134496,16,2.18705277377465
"Tajikistan","Asia","Developing",66.65625,177.5625,10.6875,0.705,17.2771924581875,85,208.1875,33.1125,12.75,88.3125,5.9,89.25,0.25625,335.84172523125,7340964.0625,3.80625,3.85,0.5838125,10.68125,5.07820440603187,15.8043028921527,2.07064531423131,2.18714052210038,2.45366988678357,2.61359976024787,16,5.47967917229803
"Thailand","Asia","Developing",73.08125,160.375,12.125,5.85125,401.2599634,97,4311.9375,21.59375,14.125,98.3125,3.749375,98.1875,0.3875,3494.781701625,67143690.375,8.54375,8.7,0.6946875,12.55,7.69302367379399,18.0217354118554,7.68061443072902,5.11877084585861,2.54730938793663,2.68745763225908,16,5.07163329273857
"The former Yugoslav republic of Macedonia","Europe","Developing",74.1125,60.8125,0,2.645,0,87.6875,74.75,52.90625,0,95.5,7.810625,94.875,0.1,1226.0568120125,1974959.0625,2.43125,2.45625,0.45575,12.38125,6.61344138787793,14.4958333347488,2.82897954969572,0,0,0,16,11.8666251075573
"Timor-Leste","Asia","Developing",64.75625,170.375,2.375,0.28375,21.1875232745,67.375,85.0625,14.55,3,65.5,1.72,67.625,0.1,551.7106493125,1011184.75,10.525,11.69375,0.517625,10.7,5.95897016605845,13.8179608424602,2.69917853789067,2.6545539809575,1.20649306583753,1.3701597308355,16,4.93803052224451
"Togo","Africa","Developing",56.6625,311.3125,14.1875,1.245,23.705604090625,61,532.5,17.99375,21.4375,67.1875,5.240625,74.3125,3.8625,317.20409206875,6325910.9375,7.86875,7.7375,0.4459375,10.65,5.1966191300076,15.6524401073644,5.19430397294114,2.3704188884271,2.71959438002183,3.11010230203354,16,6.65242165895115
"Tonga","Oceania","Developing",72.53125,129.625,0,1.095,323.809342928188,75.5,0.25,62.94375,0,76.875,5.315,70.3125,0.1,1981.5551861875,105903.6875,0.1,0.1,0.6988125,14.21875,7.04299515249175,11.570190108538,0.100589869527131,4.84400227533197,0,0,16,5.41901638966529
"Trinidad and Tobago","North America","Developing",71.06875,163.375,0,5.675625,559.314872033125,49.0625,0,37.73125,0.25,76.4375,5.099375,66.5,0.625,7741.7480900625,1324515.875,6.1375,6.50625,0.753375,12.33125,8.08475705063494,14.0964737648035,0,5.14710584023216,0,0.173286795139986,16,2.34385863025386
"Tunisia","Africa","Developing",74.35625,18.75,3.25,1.884375,366.74126047625,96.75,33.1875,48.25625,3.6875,97.6875,5.9625,97.6875,0.1,3044.081488375,10535024.8125,6.40625,6.3375,0.692625,14.05625,7.85293995905683,16.1691194047208,2.55066685206441,5.4206047729433,1.44208024894844,1.53205142867586,16,7.89606985947022
"Turkey","Asia","Developing",73.9125,98.375,26.9375,1.763125,253.417177534063,87.0625,5272.9375,56.4125,32.25,80.8125,5.696875,80.75,0.1,3983.91772175,33501352.8125,5.0125,4.85,0.7033125,12.675,7.48891548496714,15.9131122099988,5.98639881460939,4.39172889371493,3.27990715468305,3.44900734695076,16,2.65466316412731
"Turkmenistan","Asia","Developing",64.61875,214.8125,6.5625,2.489375,187.781987555062,97.125,15.125,38.11875,8.0625,95.5625,3.166875,96.375,0.1,2511.6115398625,5336015.6875,3.3375,3.3625,0.211625,9.83125,7.05257616224459,15.4857174163329,1.18100933828932,4.11264338132584,2.02102155740661,2.20303320206492,16,18.1286531523161
"Uganda","Africa","Developing",55.70625,300.1875,89.6875,7.576875,47.6921083495625,62.1875,12394.625,15.525,138.875,65.4375,8.354375,64.875,7.65,421.04849634375,30345848.1875,6.2625,6.25625,0.4453125,10.59375,5.76076785010151,17.2188685454809,7.86877076743032,3.29454984665234,4.49009676597372,4.91454559791799,16,5.32563043400025
"Ukraine","Europe","Developing",69.9375,205.75,5.0625,7.306875,169.427330176937,54.625,5395.1875,50.89375,5.9375,81.4375,6.846875,70,0.5375,1577.293328625,47241459.4375,2.575,2.675,0.7165625,14.60625,6.7968377598367,17.6704933378018,5.66510063349651,4.12882490342087,1.796111847286,1.93013663745492,16,5.87955829141979
"United Arab Emirates","Asia","Developing",75.7,67.0625,1,1.93625,1886.73158978125,93.875,75.625,53.80625,1,95.0625,3.199375,94.625,0.1,22110.36698625,5857949.625,5.18125,4.96875,0.8195625,12.8125,9.40422755425753,15.5430817570234,2.94113392103904,6.57759919241021,0.693147180559945,0.693147180559945,16,6.5285356159848
"United Kingdom of Great Britain and Northern Ireland","Europe","Developed",80.79375,70.375,3.625,11.13125,0,90.0625,715.75,55.3875,4.0625,92.875,8.4675,92.875,0.1,1826.6698622875,61703442.3125,0.75,0.50625,0.8601875,16.025,6.60813328004954,17.9373300071109,6.00984545135218,0,1.52575908069127,1.62083300973372,16,9.56768170808557
"United Republic of Tanzania","Africa","Developing",56.00625,304.4375,95.25,3.359375,0,72.4375,3348.5625,17.31875,143.1875,83.375,4.765,74.6875,7.275,991.2750714,42328430.125,7.425,7.35625,0.431,7.775,6.26435618243364,17.5529350871916,6.91730983414786,0,4.56291827420001,4.96310693819429,16,3.1030603893818
"United States of America","North America","Developed",78.0625,58.1875,26.1875,8.225,0,81.375,130.625,58.45,30.75,82.125,15.146875,95.125,0.1,734.16581235625,302313672.0625,0.73125,0.60625,0.798125,15.50625,5.87531073696049,19.526150037615,4.52746017858581,0,3.30003419301344,3.45470183386672,16,13.6263488029431
"Uruguay","South America","Developing",76.075,119.9375,0.5625,6.256875,621.8389194,94.3125,0,52.925,0.75,94.25,8.619375,89.125,0.1,7192.5848745,3307303.125,1.6,1.54375,0.765625,15.23125,8.19217796516626,15.0116022314871,0,5.35537730939375,0.389895289064969,0.519860385419959,16,1.46285831548809
"Uzbekistan","Asia","Developing",68.03125,184.8125,21.9375,1.814375,44.3734502649375,95.8125,208.4375,34.80625,25.6875,98.5625,5.573125,98.4375,0.20625,651.09235893125,27484441.5,3.14375,3.175,0.603,11.64375,6.00376833944238,17.1269180018781,3.56389624161027,3.22197294104841,3.11564299766283,3.26283757506594,16,2.248149760251
"Vanuatu","Oceania","Developing",71.3875,137.875,0,0.758125,282.32574587,56.125,20.875,44.25625,0,66.1875,4.054375,59.0625,0.1,2000.245518125,224915.375,1.56875,1.49375,0.3675,10.56875,7.30184840108231,12.3174512429492,1.34950352027168,5.03262421065842,0,0,16,10.4638976651421
"Venezuela (Bolivarian Republic of)","South America","Developing",73.3875,163,9.375,7.15,0,66.25,165,54.4875,10.75,74.6875,5.484375,68.5,0.1,2805.71912011875,27726254.8125,1.65,1.5625,0.7268125,12.7875,6.90770745312627,17.1355904237762,1.51428063058983,0,2.33780773524475,2.46060517540933,16,4.52429603514023
"Viet Nam","Asia","Developing",74.775,126.5625,29.1875,2.93125,0,88.3125,4232.9375,11.1875,36.5,94.9375,5.875,91.75,0.14375,839.9442002625,84552093.3125,14.925,15.625,0.6270625,11.5125,6.08639367193258,18.251130459295,7.20783837417746,0,3.40636261030904,3.62250925151673,16,12.7475498325082
"Yemen","Asia","Developing",63.8625,211.8125,39.375,0.249375,0,55.6875,2761.1875,33.4875,51.625,67.125,4.953125,72.625,0.1,976.71180574375,24962337.875,13.83125,13.75,0.4755,8.50625,6.15341204563462,17.0226427916919,6.21760435766041,0,3.69341014418085,3.95530488755887,16,2.30822382559254
"Zambia","Africa","Developing",53.90625,354.3125,33.4375,2.21,89.650406851125,67.625,6563.8125,17.45,52.375,64.375,5.88875,74.25,11.93125,811.81184051875,12953009.25,6.88125,6.7625,0.4984375,11.2125,6.12492094781936,16.3649783307296,6.20037894551619,3.78713480941724,3.52770862832627,3.95983486789112,16,7.86397731885484
"Zimbabwe","Africa","Developing",50.4875,462.375,26.5625,4.765625,20.364271458875,70.5625,923,25.1375,40.8125,75.625,6.326875,75.1875,23.2625,410.98019376875,12997858.8125,7.0125,6.9875,0.439125,9.825,5.72255558842564,16.378431467447,3.90591658519717,1.91828804627695,3.31267802435298,3.72821774590023,16,27.2374827070143
